2017-07-25 00:03:54, 74.8, 63.9, 60.1, 63, 59.0,51.2
2017-07-25 00:06:57, 74.7, 63.8, 60.1, 63, 59.0,51.6
2017-07-25 00:09:58, 74.7, 63.6, 59.5, 64, 59.0,51.7
2017-07-25 00:13:01, 74.7, 63.8, 59.5, 64, 59.0,52.0
2017-07-25 00:16:03, 74.7, 63.6, 59.5, 64, 59.0,52.5
2017-07-25 00:19:05, 74.7, 63.6, 59.2, 67, 59.0,52.3
2017-07-25 00:22:08, 74.7, 63.7, 59.2, 67, 59.0,53.0
2017-07-25 00:25:11, 74.7, 63.6, 59.2, 67, 59.0,52.6
2017-07-25 00:28:13, 74.7, 63.6, 58.8, 68, 59.0,53.3
2017-07-25 00:31:16, 74.7, 63.5, 58.8, 68, 59.0,53.0
2017-07-25 00:34:17, 74.7, 63.6, 58.8, 68, 57.0,52.8
2017-07-25 00:37:20, 74.7, 63.6, 58.8, 69, 57.0,53.1
2017-07-25 00:40:23, 74.7, 63.6, 58.8, 69, 57.0,53.4
2017-07-25 00:43:26, 74.5, 63.5, 58.8, 69, 57.0,53.2
2017-07-25 00:46:28, 74.5, 63.4, 58.6, 68, 57.0,53.6
2017-07-25 00:49:31, 74.5, 63.4, 58.6, 68, 57.0,54.3
2017-07-25 00:52:33, 74.5, 63.4, 58.6, 68, 57.0,54.2
2017-07-25 00:55:34, 74.5, 63.5, 58.6, 67, 57.0,54.2
2017-07-25 00:58:36, 74.5, 63.4, 58.6, 67, 57.0,54.2
2017-07-25 01:01:39, 74.5, 63.4, 58.6, 67, 57.0,54.4
2017-07-25 01:04:41, 74.5, 63.4, 58.6, 68, 57.0,54.5
2017-07-25 01:07:43, 74.5, 63.4, 58.6, 68, 57.0,54.9
2017-07-25 01:10:46, 74.5, 63.4, 58.6, 68, 57.0,54.8
2017-07-25 01:13:48, 74.3, 63.3, 58.5, 68, 57.0,55.1
2017-07-25 01:16:53, 74.3, 63.3, 58.5, 68, 57.0,55.3
2017-07-25 01:19:56, 74.3, 63.3, 58.5, 68, 57.0,55.8
2017-07-25 01:22:58, 74.3, 63.3, 58.1, 69, 55.0,55.5
2017-07-25 01:26:00, 74.3, 63.3, 58.1, 69, 55.0,56.3
2017-07-25 01:29:02, 74.3, 63.2, 58.1, 69, 55.0,55.9
2017-07-25 01:32:05, 74.3, 63.1, 57.9, 70, 55.0,56.2
2017-07-25 01:35:07, 74.3, 63.3, 57.9, 70, 55.0,56.3
2017-07-25 01:38:10, 74.3, 63.2, 57.9, 70, 55.0,56.4
2017-07-25 01:41:12, 74.1, 63.1, 57.7, 71, 55.0,56.6
2017-07-25 01:44:14, 74.1, 63.2, 57.7, 71, 55.0,56.4
2017-07-25 01:47:18, 74.1, 63.1, 57.7, 71, 55.0,56.8
2017-07-25 01:50:22, 74.1, 63.3, 57.6, 71, 55.0,56.7
2017-07-25 01:53:23, 74.1, 63.2, 57.6, 71, 55.0,56.4
2017-07-25 01:56:25, 74.1, 63.1, 57.6, 71, 55.0,57.6
2017-07-25 01:59:29, 74.1, 63.2, 57.2, 73, 55.0,57.3
2017-07-25 02:02:32, 73.9, 63.2, 57.2, 73, 55.0,57.4
2017-07-25 02:05:35, 73.9, 63.2, 57.2, 73, 55.0,57.9
2017-07-25 02:08:36, 73.9, 63.2, 57.0, 73, 55.0,57.7
2017-07-25 02:11:38, 73.9, 63.1, 57.0, 73, 55.0,57.9
2017-07-25 02:14:40, 73.9, 63.1, 57.0, 73, 55.0,57.9
2017-07-25 02:17:42, 73.9, 63.0, 56.7, 73, 55.0,57.1
2017-07-25 02:20:44, 73.9, 63.1, 56.7, 73, 53.0,57.6
2017-07-25 02:23:46, 73.8, 63.1, 56.7, 73, 53.0,58.5
2017-07-25 02:26:49, 73.8, 63.0, 56.5, 73, 53.0,57.6
2017-07-25 02:29:50, 73.8, 63.1, 56.5, 73, 53.0,58.4
2017-07-25 02:32:53, 73.8, 63.0, 56.5, 73, 53.0,58.5
2017-07-25 02:35:55, 73.8, 63.1, 56.1, 74, 53.0,58.4
2017-07-25 02:38:57, 73.8, 63.1, 56.1, 74, 53.0,58.8
2017-07-25 02:41:59, 73.8, 63.1, 56.1, 74, 53.0,58.6
2017-07-25 02:45:01, 73.6, 63.1, 55.9, 74, 53.0,59.2
2017-07-25 02:48:03, 73.6, 63.1, 55.9, 74, 53.0,58.5
2017-07-25 02:51:07, 73.6, 63.1, 55.9, 74, 53.0,58.8
2017-07-25 02:54:10, 73.6, 63.0, 55.9, 74, 53.0,59.0
2017-07-25 02:57:11, 73.6, 63.0, 55.9, 74, 53.0,58.9
2017-07-25 03:00:13, 73.6, 63.0, 55.9, 74, 53.0,59.4
2017-07-25 03:03:16, 73.6, 63.0, 55.8, 75, 53.0,59.4
2017-07-25 03:06:18, 73.6, 63.0, 55.8, 75, 53.0,59.3
2017-07-25 03:09:20, 73.6, 63.0, 55.8, 75, 53.0,59.8
2017-07-25 03:12:24, 73.4, 63.0, 55.8, 76, 53.0,59.8
2017-07-25 03:15:29, 73.4, 63.0, 55.8, 76, 53.0,59.4
2017-07-25 03:18:31, 73.4, 62.9, 55.8, 76, 51.0,59.6
2017-07-25 03:21:33, 73.4, 62.9, 55.6, 76, 51.0,59.9
2017-07-25 03:24:35, 73.4, 62.9, 55.6, 76, 51.0,60.2
2017-07-25 03:27:38, 73.4, 62.9, 55.6, 76, 51.0,60.8
2017-07-25 03:30:39, 73.4, 62.9, 55.4, 76, 51.0,60.0
2017-07-25 03:33:43, 73.2, 62.9, 55.4, 76, 51.0,59.9
2017-07-25 03:36:46, 73.2, 62.9, 55.4, 76, 51.0,60.0
2017-07-25 03:39:47, 73.2, 62.9, 55.2, 76, 51.0,60.0
2017-07-25 03:42:50, 73.2, 62.9, 55.2, 76, 51.0,60.7
2017-07-25 03:45:51, 73.2, 62.9, 55.2, 76, 51.0,60.9
2017-07-25 03:48:54, 73.2, 62.9, 55.2, 75, 51.0,61.0
2017-07-25 03:51:57, 73.2, 62.9, 55.2, 75, 51.0,61.3
2017-07-25 03:54:58, 73.2, 62.9, 55.2, 75, 51.0,60.8
2017-07-25 03:58:02, 73.0, 62.9, 55.2, 75, 51.0,61.7
2017-07-25 04:01:04, 73.0, 62.9, 55.2, 75, 51.0,61.5
2017-07-25 04:04:07, 73.0, 62.9, 55.2, 75, 51.0,62.3
2017-07-25 04:07:10, 73.0, 62.9, 55.4, 75, 51.0,60.8
2017-07-25 04:10:15, 73.0, 62.9, 55.4, 75, 51.0,61.2
2017-07-25 04:13:18, 73.0, 62.9, 55.4, 75, 51.0,62.1
2017-07-25 04:16:20, 73.0, 62.9, 55.4, 75, 51.0,63.0
2017-07-25 04:19:22, 73.0, 62.9, 55.4, 75, 51.0,62.2
2017-07-25 04:22:23, 73.0, 62.8, 55.4, 75, 51.0,62.8
2017-07-25 04:25:26, 73.0, 62.9, 55.2, 74, 51.0,62.7
2017-07-25 04:28:28, 73.0, 62.9, 55.2, 74, 51.0,62.7
2017-07-25 04:31:32, 73.0, 62.8, 55.2, 74, 51.0,63.2
2017-07-25 04:34:35, 72.9, 62.8, 55.0, 74, 51.0,63.1
2017-07-25 04:37:36, 72.9, 62.8, 55.0, 74, 51.0,62.7
2017-07-25 04:40:38, 72.9, 62.8, 55.0, 74, 51.0,61.3
2017-07-25 04:43:41, 72.9, 62.7, 55.0, 73, 51.0,64.1
2017-07-25 04:46:43, 72.9, 62.7, 55.0, 73, 51.0,64.1
2017-07-25 04:49:45, 72.9, 62.7, 55.0, 73, 51.0,63.6
2017-07-25 04:52:48, 72.9, 62.6, 54.9, 73, 51.0,63.8
2017-07-25 04:55:52, 72.9, 62.6, 54.9, 73, 51.0,64.1
2017-07-25 04:58:54, 72.9, 62.7, 54.9, 73, 51.0,63.4
2017-07-25 05:01:56, 72.9, 62.6, 54.9, 73, 51.0,64.5
2017-07-25 05:04:57, 72.7, 62.6, 54.9, 73, 51.0,64.2
2017-07-25 05:08:00, 72.7, 62.6, 54.9, 73, 51.0,64.3
2017-07-25 05:11:03, 72.7, 62.6, 54.7, 74, 50.0,64.2
2017-07-25 05:14:08, 72.7, 62.6, 54.7, 74, 50.0,65.0
2017-07-25 05:17:10, 72.7, 62.6, 54.7, 74, 50.0,64.7
2017-07-25 05:20:13, 72.7, 62.5, 54.7, 74, 50.0,64.4
2017-07-25 05:23:15, 72.5, 62.5, 54.7, 74, 50.0,65.0
2017-07-25 05:26:17, 72.5, 62.4, 54.7, 74, 50.0,65.1
2017-07-25 05:29:19, 72.5, 62.4, 54.3, 75, 50.0,65.1
2017-07-25 05:32:22, 72.5, 62.4, 54.3, 75, 50.0,64.8
2017-07-25 05:35:23, 72.5, 62.4, 54.3, 75, 50.0,65.2
2017-07-25 05:38:26, 72.5, 62.4, 54.1, 75, 50.0,65.1
2017-07-25 05:41:28, 72.5, 62.4, 54.1, 75, 50.0,64.9
2017-07-25 05:44:31, 72.5, 62.3, 54.1, 75, 50.0,66.2
2017-07-25 05:47:34, 72.3, 62.3, 53.8, 75, 50.0,65.8
2017-07-25 05:50:35, 72.3, 62.3, 53.8, 75, 50.0,65.8
2017-07-25 05:53:38, 72.3, 62.3, 53.8, 75, 50.0,66.0
2017-07-25 05:56:40, 72.3, 62.3, 53.6, 76, 50.0,66.4
2017-07-25 05:59:43, 72.3, 62.3, 53.6, 76, 50.0,66.4
2017-07-25 06:02:44, 72.3, 62.2, 53.6, 76, 50.0,66.3
2017-07-25 06:05:46, 72.3, 62.2, 53.6, 78, 50.0,65.9
2017-07-25 06:08:49, 72.3, 62.2, 53.6, 78, 50.0,66.7
2017-07-25 06:11:52, 72.3, 62.2, 53.6, 78, 50.0,66.7
2017-07-25 06:14:55, 72.1, 62.1, 53.4, 79, 50.0,66.0
2017-07-25 06:17:57, 72.1, 62.1, 53.4, 79, 50.0,66.4
2017-07-25 06:20:59, 72.1, 62.1, 53.4, 79, 50.0,66.2
2017-07-25 06:24:01, 72.1, 62.2, 53.2, 79, 50.0,67.1
2017-07-25 06:27:03, 72.1, 62.1, 53.2, 79, 50.0,66.6
2017-07-25 06:30:06, 72.1, 62.2, 53.2, 79, 50.0,66.6
2017-07-25 06:33:08, 72.1, 62.1, 53.2, 80, 50.0,67.1
2017-07-25 06:36:11, 72.1, 62.3, 53.2, 80, 50.0,66.4
2017-07-25 06:39:13, 72.1, 62.1, 53.2, 80, 50.0,67.0
2017-07-25 06:42:16, 72.0, 62.1, 53.2, 80, 50.0,67.3
2017-07-25 06:45:17, 72.0, 62.1, 53.2, 80, 50.0,67.0
2017-07-25 06:48:20, 72.0, 62.1, 53.2, 80, 50.0,67.8
2017-07-25 06:51:23, 72.0, 62.1, 53.2, 79, 50.0,67.3
2017-07-25 06:54:27, 71.8, 62.1, 53.2, 79, 50.0,67.2
2017-07-25 06:57:29, 71.8, 62.0, 53.2, 79, 50.0,67.8
2017-07-25 07:00:32, 71.8, 62.0, 53.4, 79, 50.0,67.5
2017-07-25 07:03:34, 71.8, 62.0, 53.4, 79, 50.0,68.0
2017-07-25 07:06:37, 71.8, 62.0, 53.4, 79, 50.0,67.4
2017-07-25 07:09:39, 71.8, 62.0, 53.8, 79, 50.0,67.6
2017-07-25 07:12:41, 71.8, 61.9, 53.8, 79, 50.0,68.0
2017-07-25 07:15:43, 71.8, 61.9, 53.8, 79, 50.0,68.1
2017-07-25 07:18:45, 71.8, 61.9, 54.0, 79, 50.0,68.3
2017-07-25 07:21:49, 71.6, 61.9, 54.0, 79, 50.0,69.0
2017-07-25 07:24:52, 71.6, 61.9, 54.0, 79, 50.0,68.8
2017-07-25 07:27:54, 71.6, 61.9, 54.3, 79, 50.0,67.9
2017-07-25 07:30:56, 71.6, 61.9, 54.3, 79, 50.0,67.9
2017-07-25 07:33:57, 71.6, 62.1, 54.3, 79, 50.0,68.6
2017-07-25 07:36:59, 71.6, 62.0, 54.9, 77, 50.0,68.3
2017-07-25 07:40:02, 71.6, 62.0, 54.9, 77, 50.0,68.6
2017-07-25 07:43:05, 71.4, 62.0, 54.9, 77, 50.0,68.2
2017-07-25 07:46:10, 71.4, 62.0, 55.6, 76, 50.0,69.2
2017-07-25 07:49:12, 71.4, 62.1, 55.6, 76, 50.0,68.8
2017-07-25 07:52:14, 71.4, 62.2, 55.6, 76, 50.0,69.0
2017-07-25 07:55:17, 71.4, 62.1, 56.3, 75, 50.0,69.3
2017-07-25 07:58:19, 71.4, 62.0, 56.3, 75, 50.0,69.0
2017-07-25 08:01:21, 71.4, 62.1, 56.3, 75, 50.0,68.4
2017-07-25 08:04:24, 71.4, 62.2, 56.8, 75, 50.0,68.3
2017-07-25 08:07:26, 71.4, 62.1, 56.8, 75, 50.0,68.8
2017-07-25 08:10:27, 71.4, 62.1, 56.8, 75, 50.0,69.0
2017-07-25 08:13:29, 71.4, 62.1, 57.7, 72, 50.0,69.4
2017-07-25 08:16:33, 71.4, 62.0, 57.7, 72, 50.0,70.0
2017-07-25 08:19:36, 71.2, 62.2, 57.7, 72, 51.0,69.5
2017-07-25 08:22:38, 71.2, 62.1, 58.6, 69, 51.0,69.8
2017-07-25 08:25:40, 71.4, 62.0, 58.6, 69, 51.0,70.1
2017-07-25 08:28:42, 71.4, 62.0, 58.6, 69, 51.0,69.8
2017-07-25 08:31:45, 71.4, 62.1, 59.9, 66, 51.0,70.4
2017-07-25 08:34:47, 71.2, 62.2, 59.9, 66, 51.0,70.4
2017-07-25 08:37:49, 71.2, 62.2, 59.9, 66, 51.0,70.8
2017-07-25 08:40:51, 71.2, 62.3, 61.0, 61, 51.0,70.9
2017-07-25 08:43:52, 71.1, 62.5, 61.0, 61, 51.0,70.7
2017-07-25 08:46:54, 71.1, 62.7, 61.0, 61, 53.0,70.2
2017-07-25 08:49:57, 71.1, 62.8, 62.1, 59, 53.0,70.6
2017-07-25 08:52:58, 71.1, 63.5, 62.1, 59, 53.0,71.5
2017-07-25 08:56:02, 71.2, 63.5, 62.1, 59, 53.0,71.2
2017-07-25 08:59:05, 71.2, 64.2, 63.3, 58, 53.0,71.4
2017-07-25 09:02:08, 71.2, 64.2, 63.3, 58, 53.0,71.3
2017-07-25 09:05:10, 71.2, 63.9, 63.3, 58, 53.0,70.9
2017-07-25 09:08:12, 71.2, 64.3, 64.6, 54, 53.0,71.9
2017-07-25 09:11:14, 71.2, 64.3, 64.6, 54, 53.0,71.7
2017-07-25 09:14:15, 71.2, 64.8, 64.6, 54, 55.0,72.4
2017-07-25 09:17:18, 71.2, 64.6, 65.7, 53, 55.0,72.9
2017-07-25 09:20:20, 71.2, 64.9, 65.7, 53, 55.0,73.0
2017-07-25 09:23:23, 71.2, 64.5, 65.7, 53, 55.0,73.3
2017-07-25 09:26:27, 71.2, 64.5, 66.4, 50, 55.0,73.2
2017-07-25 09:29:29, 71.1, 65.1, 66.4, 50, 55.0,72.8
2017-07-25 09:32:31, 71.2, 64.7, 66.4, 50, 57.0,73.4
2017-07-25 09:35:32, 71.1, 64.8, 67.8, 42, 57.0,73.4
2017-07-25 09:38:36, 71.1, 65.3, 67.8, 42, 57.0,73.1
2017-07-25 09:41:39, 71.1, 65.0, 67.8, 42, 57.0,73.2
2017-07-25 09:44:41, 71.1, 65.3, 69.8, 38, 57.0,72.6
2017-07-25 09:47:43, 71.1, 65.0, 69.8, 38, 59.0,71.9
2017-07-25 09:50:45, 71.1, 65.0, 69.8, 38, 59.0,71.4
2017-07-25 09:53:48, 71.1, 65.0, 72.0, 38, 59.0,70.7
2017-07-25 09:56:51, 71.1, 65.0, 72.0, 38, 60.0,70.1
2017-07-25 09:59:54, 71.1, 64.9, 72.0, 38, 60.0,69.6
2017-07-25 10:02:56, 71.1, 64.6, 73.0, 36, 60.0,69.2
2017-07-25 10:05:59, 71.1, 64.7, 73.0, 36, 62.0,68.6
2017-07-25 10:09:03, 71.1, 64.8, 73.0, 36, 62.0,67.8
2017-07-25 10:12:04, 71.1, 64.9, 73.8, 34, 62.0,66.9
2017-07-25 10:15:06, 71.1, 64.7, 73.8, 34, 64.0,66.1
2017-07-25 10:18:10, 71.1, 64.8, 73.8, 34, 64.0,65.4
2017-07-25 10:21:13, 71.1, 64.7, 73.6, 34, 66.0,64.1
2017-07-25 10:24:16, 71.1, 64.6, 73.6, 34, 66.0,63.1
2017-07-25 10:27:18, 71.1, 64.5, 73.6, 34, 68.0,61.8
2017-07-25 10:30:21, 71.1, 64.6, 74.5, 31, 68.0,60.7
2017-07-25 10:33:24, 71.1, 64.3, 74.5, 31, 69.0,59.8
2017-07-25 10:36:26, 71.1, 64.4, 74.5, 31, 69.0,59.0
2017-07-25 10:39:28, 71.1, 64.5, 74.8, 32, 71.0,58.1
2017-07-25 10:42:30, 71.1, 64.2, 74.8, 32, 71.0,56.7
2017-07-25 10:45:32, 71.1, 64.0, 74.8, 32, 73.0,56.3
2017-07-25 10:48:35, 71.1, 64.4, 75.7, 33, 73.0,54.9
2017-07-25 10:51:38, 71.1, 64.3, 75.7, 33, 75.0,54.1
2017-07-25 10:54:41, 71.1, 64.2, 75.7, 33, 75.0,51.5
2017-07-25 10:57:42, 71.1, 64.1, 76.1, 33, 77.0,51.4
2017-07-25 11:00:45, 71.1, 64.3, 76.1, 33, 77.0,48.3
2017-07-25 11:03:48, 71.1, 64.2, 76.1, 33, 78.0,47.1
2017-07-25 11:06:52, 71.2, 63.9, 76.5, 32, 78.0,47.5
2017-07-25 11:09:53, 71.2, 64.0, 76.5, 32, 80.0,45.8
2017-07-25 11:12:55, 71.2, 63.6, 76.5, 32, 80.0,43.1
2017-07-25 11:15:59, 71.2, 64.0, 76.5, 32, 82.0,43.9
2017-07-25 11:19:02, 71.2, 64.1, 76.5, 32, 82.0,41.2
2017-07-25 11:22:04, 71.2, 64.1, 76.5, 32, 84.0,41.5
2017-07-25 11:25:07, 71.2, 63.8, 76.6, 30, 84.0,40.5
2017-07-25 11:28:10, 71.2, 63.7, 76.6, 30, 86.0,40.7
2017-07-25 11:31:13, 71.2, 63.5, 76.6, 30, 86.0,37.2
2017-07-25 11:34:14, 71.4, 63.5, 77.0, 31, 87.0,37.0
2017-07-25 11:37:17, 71.2, 63.5, 77.0, 31, 87.0,35.4
2017-07-25 11:40:19, 71.2, 63.7, 77.0, 31, 87.0,35.4
2017-07-25 11:40:33, 71.2, 63.8, 77.2, 31, 87.0,35.1
2017-07-25 11:40:52, 71.2, 63.6, 77.2, 30, 87.0,34.6
2017-07-25 11:43:59, 71.2, 63.6, 77.2, 30, 89.0,34.3
2017-07-25 11:47:01, 71.4, 63.7, 77.2, 30, 89.0,32.1
2017-07-25 11:50:03, 71.4, 63.1, 77.4, 32, 89.0,32.9
2017-07-25 11:53:06, 71.4, 63.4, 77.4, 32, 91.0,32.0
2017-07-25 11:56:10, 71.4, 61.7, 77.4, 32, 91.0,32.7
2017-07-25 11:59:12, 71.4, 63.0, 77.4, 31, 93.0,31.2
2017-07-25 12:02:15, 71.4, 62.7, 77.4, 31, 93.0,29.6
2017-07-25 12:05:17, 71.4, 62.2, 77.4, 31, 93.0,28.3
2017-07-25 12:08:19, 71.6, 62.1, 77.5, 29, 93.0,27.9
2017-07-25 12:11:21, 71.6, 62.6, 77.5, 29, 95.0,27.1
2017-07-25 12:14:23, 71.6, 62.1, 77.5, 29, 95.0,27.8
2017-07-25 12:17:26, 71.6, 61.6, 77.9, 29, 95.0,28.0
2017-07-25 12:20:31, 71.6, 60.9, 77.9, 29, 96.0,27.6
2017-07-25 12:23:34, 71.8, 60.7, 77.9, 29, 96.0,26.6
2017-07-25 12:26:36, 71.8, 61.2, 78.1, 29, 98.0,26.2
2017-07-25 12:29:39, 71.8, 61.5, 78.1, 29, 98.0,25.5
2017-07-25 12:32:41, 71.8, 61.1, 78.1, 29, 98.0,25.3
2017-07-25 12:35:42, 71.8, 61.2, 78.1, 30, 98.0,24.5
2017-07-25 12:38:47, 71.8, 61.2, 78.1, 30, 100.0,23.8
2017-07-25 12:41:49, 71.8, 61.2, 78.1, 30, 100.0,24.1
2017-07-25 12:44:51, 72.0, 60.9, 78.3, 27, 100.0,23.9
2017-07-25 12:47:54, 72.0, 60.8, 78.3, 27, 100.0,23.8
2017-07-25 12:50:58, 72.0, 61.3, 78.3, 27, 102.0,23.5
2017-07-25 12:53:59, 72.0, 61.6, 78.4, 30, 102.0,23.0
2017-07-25 12:57:02, 72.0, 61.6, 78.4, 30, 102.0,22.5
2017-07-25 13:00:05, 72.0, 61.7, 78.4, 30, 104.0,23.1
2017-07-25 13:03:10, 72.0, 62.0, 78.8, 29, 104.0,22.0
2017-07-25 13:06:14, 72.0, 61.9, 78.8, 29, 104.0,22.8
2017-07-25 13:09:17, 72.0, 62.3, 78.8, 29, 105.0,21.7
2017-07-25 13:12:20, 72.0, 62.4, 78.8, 29, 105.0,21.6
2017-07-25 13:15:22, 72.0, 62.7, 78.8, 29, 105.0,20.9
2017-07-25 13:18:23, 72.1, 62.7, 78.8, 29, 105.0,21.3
2017-07-25 13:21:26, 72.1, 62.5, 79.0, 29, 107.0,21.3
2017-07-25 13:24:28, 72.1, 62.5, 79.0, 29, 107.0,21.6
2017-07-25 13:27:30, 72.1, 62.4, 79.0, 29, 107.0,19.7
2017-07-25 13:30:33, 72.1, 62.6, 79.0, 29, 107.0,18.9
2017-07-25 13:33:34, 72.1, 62.3, 79.0, 29, 107.0,19.5
2017-07-25 13:36:37, 72.1, 62.2, 79.0, 29, 109.0,19.0
2017-07-25 13:39:39, 72.3, 62.5, 79.2, 28, 109.0,18.8
2017-07-25 13:42:42, 72.3, 62.7, 79.2, 28, 109.0,18.4
2017-07-25 13:45:46, 72.3, 60.8, 79.2, 28, 109.0,19.8
2017-07-25 13:48:47, 72.5, 61.8, 79.3, 28, 111.0,19.4
2017-07-25 13:51:50, 72.3, 62.4, 79.3, 28, 111.0,18.0
2017-07-25 13:54:51, 72.5, 62.7, 79.3, 28, 111.0,18.0
2017-07-25 13:57:54, 72.5, 62.8, 79.3, 29, 113.0,17.5
2017-07-25 14:00:56, 72.5, 62.9, 79.3, 29, 113.0,16.9
2017-07-25 14:03:59, 72.5, 63.0, 79.3, 29, 111.0,16.4
2017-07-25 14:07:00, 72.5, 63.0, 79.7, 29, 111.0,17.1
2017-07-25 14:10:02, 72.5, 62.8, 79.7, 29, 111.0,16.9
2017-07-25 14:13:04, 72.7, 62.8, 79.7, 29, 111.0,16.5
2017-07-25 14:16:08, 72.7, 61.7, 79.7, 29, 113.0,16.4
2017-07-25 14:19:12, 72.7, 62.7, 79.7, 29, 113.0,17.1
2017-07-25 14:22:15, 72.7, 62.9, 79.7, 29, 113.0,16.7
2017-07-25 14:25:17, 72.7, 62.9, 79.9, 29, 114.0,15.5
2017-07-25 14:28:20, 72.9, 62.7, 79.9, 29, 114.0,16.2
2017-07-25 14:31:23, 72.9, 62.8, 79.9, 29, 114.0,15.3
2017-07-25 14:34:26, 72.9, 63.0, 79.7, 30, 114.0,15.1
2017-07-25 14:37:28, 72.9, 62.4, 79.7, 30, 116.0,15.2
2017-07-25 14:40:31, 72.9, 62.6, 79.7, 30, 116.0,14.6
2017-07-25 14:43:33, 72.9, 62.2, 79.5, 28, 116.0,15.4
2017-07-25 14:46:35, 73.0, 62.5, 79.5, 28, 116.0,14.3
2017-07-25 14:49:38, 73.0, 62.3, 79.5, 28, 116.0,14.5
2017-07-25 14:52:39, 73.0, 62.6, 79.5, 31, 114.0,14.0
2017-07-25 14:55:41, 73.0, 62.3, 79.5, 31, 114.0,14.1
2017-07-25 14:58:43, 73.0, 62.6, 79.5, 31, 114.0,14.4
2017-07-25 15:01:46, 73.0, 62.9, 79.3, 30, 113.0,13.9
2017-07-25 15:04:48, 73.2, 62.3, 79.3, 30, 113.0,14.3
2017-07-25 15:07:50, 73.0, 62.6, 79.3, 30, 111.0,14.8
2017-07-25 15:10:53, 73.2, 62.3, 79.7, 27, 111.0,14.8
2017-07-25 15:13:54, 73.2, 62.6, 79.7, 27, 111.0,15.6
2017-07-25 15:16:56, 73.4, 62.7, 79.7, 27, 111.0,15.1
2017-07-25 15:19:58, 73.4, 62.8, 79.5, 29, 111.0,15.5
2017-07-25 15:23:01, 73.4, 62.5, 79.5, 29, 111.0,15.5
2017-07-25 15:26:02, 73.4, 62.6, 79.5, 29, 113.0,15.6
2017-07-25 15:29:05, 73.6, 62.8, 80.2, 28, 113.0,15.1
2017-07-25 15:32:07, 73.4, 62.8, 80.2, 28, 113.0,14.4
2017-07-25 15:35:09, 73.6, 62.8, 80.2, 28, 113.0,14.8
2017-07-25 15:38:13, 73.6, 62.9, 80.6, 29, 111.0,14.6
2017-07-25 15:41:15, 73.8, 62.5, 80.6, 29, 111.0,14.9
2017-07-25 15:44:18, 73.8, 62.7, 80.6, 29, 111.0,15.0
2017-07-25 15:47:20, 73.8, 62.8, 80.6, 29, 109.0,14.8
2017-07-25 15:50:23, 73.8, 61.7, 80.6, 29, 109.0,14.8
2017-07-25 15:53:26, 73.8, 60.4, 80.6, 29, 107.0,15.5
2017-07-25 15:56:28, 73.9, 59.3, 80.6, 26, 107.0,16.1
2017-07-25 15:59:32, 73.9, 61.3, 80.6, 26, 109.0,15.6
2017-07-25 16:02:35, 73.9, 61.2, 80.6, 26, 109.0,15.9
2017-07-25 16:05:38, 73.9, 61.8, 80.6, 28, 109.0,16.4
2017-07-25 16:08:40, 73.9, 62.0, 80.6, 28, 111.0,16.1
2017-07-25 16:11:42, 73.9, 62.1, 80.6, 28, 111.0,15.4
2017-07-25 16:14:44, 73.9, 62.3, 81.0, 30, 111.0,16.1
2017-07-25 16:17:46, 73.9, 62.5, 81.0, 30, 111.0,14.9
2017-07-25 16:20:51, 74.1, 62.4, 81.0, 30, 111.0,15.2
2017-07-25 16:23:52, 73.9, 62.4, 81.0, 30, 111.0,15.0
2017-07-25 16:26:55, 73.9, 62.2, 81.0, 30, 109.0,15.4
2017-07-25 16:29:59, 74.1, 62.2, 81.0, 30, 109.0,15.6
2017-07-25 16:33:02, 74.1, 62.4, 80.6, 30, 109.0,15.3
2017-07-25 16:36:05, 74.1, 62.3, 80.6, 30, 109.0,15.6
2017-07-25 16:39:05, 74.1, 62.0, 80.6, 30, 109.0,15.5
2017-07-25 16:42:08, 74.1, 62.1, 80.1, 30, 109.0,15.5
2017-07-25 16:45:11, 74.3, 61.4, 80.1, 30, 109.0,15.6
2017-07-25 16:48:13, 74.3, 62.4, 80.1, 30, 109.0,15.9
2017-07-25 16:51:16, 74.3, 62.4, 79.9, 29, 109.0,15.8
2017-07-25 16:54:18, 74.3, 62.6, 79.9, 29, 107.0,15.9
2017-07-25 16:57:22, 74.3, 62.1, 79.9, 29, 107.0,16.0
2017-07-25 17:00:25, 74.3, 62.5, 79.9, 28, 107.0,16.2
2017-07-25 17:03:28, 74.3, 62.5, 79.9, 28, 107.0,17.0
2017-07-25 17:06:29, 74.3, 62.1, 79.9, 28, 107.0,16.7
2017-07-25 17:09:31, 74.5, 62.1, 81.0, 28, 107.0,16.2
2017-07-25 17:12:34, 74.5, 62.0, 81.0, 28, 107.0,15.9
2017-07-25 17:15:35, 74.5, 62.2, 81.0, 28, 107.0,16.2
2017-07-25 17:18:39, 74.5, 61.2, 81.9, 29, 107.0,16.5
2017-07-25 17:21:43, 74.7, 61.6, 81.9, 29, 105.0,16.4
2017-07-25 17:24:47, 74.5, 61.7, 81.9, 29, 105.0,16.3
2017-07-25 17:27:49, 74.5, 61.8, 82.4, 30, 105.0,16.4
2017-07-25 17:30:51, 74.5, 61.9, 82.4, 30, 105.0,16.5
2017-07-25 17:33:53, 74.7, 60.5, 82.4, 30, 104.0,16.5
2017-07-25 17:36:55, 74.7, 60.1, 82.4, 28, 104.0,16.7
2017-07-25 17:39:57, 74.8, 59.4, 82.4, 28, 104.0,17.1
2017-07-25 17:43:01, 74.8, 59.4, 82.4, 28, 102.0,17.2
2017-07-25 17:46:04, 74.8, 60.1, 81.9, 29, 102.0,17.4
2017-07-25 17:49:06, 74.8, 60.9, 81.9, 29, 102.0,17.5
2017-07-25 17:52:08, 74.8, 60.9, 81.9, 29, 102.0,17.5
2017-07-25 17:55:12, 74.8, 60.5, 82.0, 27, 100.0,17.7
2017-07-25 17:58:15, 74.8, 59.5, 82.0, 27, 100.0,18.0
2017-07-25 18:01:17, 74.8, 59.3, 82.0, 27, 100.0,18.5
2017-07-25 18:04:19, 74.8, 60.1, 81.9, 23, 100.0,18.4
2017-07-25 18:07:21, 74.8, 59.7, 81.9, 23, 98.0,18.7
2017-07-25 18:10:23, 75.0, 59.2, 81.9, 23, 98.0,18.9
2017-07-25 18:13:25, 75.0, 59.1, 81.9, 26, 98.0,19.0
2017-07-25 18:16:28, 75.0, 59.4, 81.9, 26, 98.0,19.3
2017-07-25 18:19:29, 75.0, 58.4, 81.9, 26, 96.0,19.5
2017-07-25 18:22:32, 75.0, 58.6, 81.5, 27, 96.0,19.5
2017-07-25 18:25:34, 75.0, 59.5, 81.5, 27, 96.0,19.9
2017-07-25 18:28:36, 75.0, 60.2, 81.5, 27, 95.0,20.2
2017-07-25 18:31:38, 75.0, 59.4, 81.5, 29, 95.0,20.5
2017-07-25 18:34:41, 75.0, 59.8, 81.5, 29, 95.0,20.9
2017-07-25 18:37:44, 75.0, 61.2, 81.5, 29, 95.0,21.0
2017-07-25 18:40:47, 75.0, 60.6, 81.1, 25, 93.0,21.3
2017-07-25 18:43:49, 75.2, 60.6, 81.1, 25, 93.0,21.7
2017-07-25 18:46:51, 75.2, 59.5, 81.1, 25, 93.0,22.0
2017-07-25 18:49:54, 75.2, 59.5, 81.3, 27, 93.0,22.3
2017-07-25 18:52:56, 75.2, 60.8, 81.3, 27, 91.0,22.7
2017-07-25 18:55:59, 75.2, 60.1, 81.3, 27, 91.0,22.6
2017-07-25 18:59:02, 75.2, 60.1, 80.8, 30, 91.0,23.1
2017-07-25 19:02:04, 75.2, 61.0, 80.8, 30, 91.0,23.6
2017-07-25 19:05:06, 75.2, 61.7, 80.8, 30, 91.0,23.5
2017-07-25 19:08:08, 75.2, 61.6, 79.9, 32, 89.0,23.7
2017-07-25 19:11:12, 75.2, 59.8, 79.9, 32, 89.0,24.1
2017-07-25 19:14:15, 75.2, 59.8, 79.9, 32, 89.0,24.2
2017-07-25 19:17:16, 75.2, 59.7, 78.3, 33, 89.0,24.5
2017-07-25 19:20:18, 75.4, 60.8, 78.3, 33, 87.0,24.8
2017-07-25 19:23:21, 75.4, 61.3, 78.3, 33, 87.0,24.9
2017-07-25 19:26:24, 75.4, 61.1, 77.2, 33, 87.0,25.2
2017-07-25 19:29:25, 75.4, 59.9, 77.2, 33, 87.0,25.5
2017-07-25 19:32:27, 75.4, 60.1, 77.2, 33, 86.0,26.0
2017-07-25 19:35:29, 75.4, 60.7, 76.6, 34, 86.0,25.9
2017-07-25 19:38:32, 75.4, 61.0, 76.6, 34, 86.0,26.2
2017-07-25 19:41:34, 75.4, 61.5, 76.6, 34, 86.0,26.4
2017-07-25 19:44:36, 75.4, 61.8, 76.1, 34, 86.0,26.7
2017-07-25 19:47:39, 75.4, 61.0, 76.1, 34, 86.0,27.0
2017-07-25 19:50:43, 75.4, 60.4, 76.1, 34, 84.0,27.3
2017-07-25 19:53:44, 75.4, 60.5, 75.9, 34, 84.0,27.4
2017-07-25 19:56:48, 75.4, 60.0, 75.9, 34, 84.0,27.9
2017-07-25 19:59:53, 75.4, 61.5, 75.9, 34, 84.0,28.1
2017-07-25 20:02:55, 75.4, 61.9, 75.6, 35, 84.0,28.2
2017-07-25 20:05:58, 75.6, 61.8, 75.6, 35, 84.0,28.4
2017-07-25 20:09:00, 75.6, 62.1, 75.6, 35, 82.0,28.2
2017-07-25 20:12:01, 75.6, 62.1, 75.2, 40, 82.0,29.1
2017-07-25 20:15:04, 75.6, 62.2, 75.2, 40, 82.0,29.1
2017-07-25 20:18:06, 75.6, 62.3, 75.2, 40, 82.0,29.5
2017-07-25 20:21:11, 75.6, 62.3, 74.7, 39, 82.0,29.4
2017-07-25 20:24:13, 75.6, 62.4, 74.7, 39, 82.0,29.6
2017-07-25 20:27:15, 75.7, 62.7, 74.7, 39, 82.0,30.0
2017-07-25 20:30:17, 75.7, 62.4, 73.9, 41, 80.0,30.2
2017-07-25 20:33:21, 75.6, 62.6, 73.9, 41, 80.0,31.0
2017-07-25 20:36:24, 75.7, 62.6, 73.9, 41, 80.0,31.5
2017-07-25 20:39:25, 75.6, 62.6, 73.0, 43, 80.0,32.0
2017-07-25 20:42:27, 75.7, 62.6, 73.0, 43, 80.0,32.1
2017-07-25 20:45:29, 75.6, 62.7, 73.0, 43, 78.0,32.6
2017-07-25 20:55:45, 75.6, 62.7, 71.6, 47, 78.0,33.4
2017-07-25 20:58:49, 75.6, 62.6, 71.6, 47, 78.0,33.2
2017-07-25 21:01:51, 75.6, 62.7, 71.6, 47, 77.0,33.4
2017-07-25 21:04:52, 75.6, 62.7, 71.1, 47, 77.0,34.0
2017-07-25 21:07:56, 75.7, 62.6, 71.1, 47, 77.0,33.2
2017-07-25 21:10:59, 75.6, 62.7, 71.1, 47, 77.0,32.5
2017-07-25 21:14:01, 75.7, 62.7, 70.5, 47, 77.0,32.5
2017-07-25 21:17:03, 75.6, 62.6, 70.5, 47, 77.0,34.5
2017-07-25 21:20:07, 75.7, 62.7, 70.5, 47, 75.0,33.3
2017-07-25 21:23:11, 75.7, 62.7, 70.0, 50, 75.0,36.3
2017-07-25 21:26:14, 75.7, 62.6, 70.0, 50, 75.0,36.9
2017-07-25 21:29:17, 75.7, 62.7, 70.0, 50, 75.0,34.9
2017-07-25 21:32:19, 75.7, 62.7, 69.6, 50, 75.0,35.0
2017-07-25 21:35:20, 75.6, 62.7, 69.6, 50, 75.0,34.2
2017-07-25 21:38:24, 75.6, 62.7, 69.6, 50, 73.0,33.4
2017-07-25 21:41:27, 75.7, 62.7, 69.3, 51, 73.0,33.6
2017-07-25 21:44:29, 75.7, 62.7, 69.3, 51, 73.0,33.8
2017-07-25 21:47:31, 75.6, 62.7, 69.3, 51, 73.0,34.4
2017-07-25 21:50:34, 75.6, 62.7, 68.7, 51, 73.0,34.8
2017-07-25 21:53:36, 75.6, 62.7, 68.7, 51, 73.0,34.9
2017-07-25 21:56:38, 75.6, 62.7, 68.7, 51, 71.0,34.8
2017-07-25 21:59:39, 75.6, 62.7, 68.5, 52, 71.0,36.1
2017-07-25 22:02:42, 75.7, 62.6, 68.5, 52, 71.0,35.8
2017-07-25 22:05:43, 75.6, 62.7, 68.5, 52, 71.0,36.1
2017-07-25 22:08:45, 75.6, 62.7, 68.4, 53, 71.0,36.3
2017-07-25 22:11:49, 75.6, 62.7, 68.4, 53, 71.0,36.4
2017-07-25 22:14:51, 75.6, 62.7, 68.4, 53, 71.0,36.6
2017-07-25 22:17:54, 75.6, 62.7, 68.4, 53, 71.0,36.3
2017-07-25 22:20:57, 75.6, 62.7, 68.4, 53, 69.0,36.6
2017-07-25 22:24:00, 75.6, 62.8, 68.4, 53, 69.0,37.0
2017-07-25 22:27:03, 75.6, 62.8, 68.4, 55, 69.0,38.0
2017-07-25 22:30:06, 75.6, 62.9, 68.4, 55, 69.0,37.7
2017-07-25 22:33:08, 75.6, 62.9, 68.4, 55, 69.0,37.8
2017-07-25 22:36:12, 75.6, 62.9, 68.5, 56, 69.0,37.5
2017-07-25 22:39:13, 75.6, 62.9, 68.5, 56, 69.0,38.0
2017-07-25 22:42:16, 75.6, 62.8, 68.5, 56, 69.0,38.6
2017-07-25 22:45:18, 75.4, 62.9, 68.4, 58, 69.0,38.0
2017-07-25 22:48:21, 75.6, 63.1, 68.4, 58, 68.0,38.1
2017-07-25 22:51:22, 75.4, 63.5, 68.4, 58, 68.0,38.1
2017-07-25 22:54:25, 75.4, 63.3, 68.2, 60, 68.0,38.1
2017-07-25 22:57:26, 75.4, 63.5, 68.2, 60, 68.0,39.4
2017-07-25 23:00:28, 75.4, 63.5, 68.2, 60, 68.0,38.1
2017-07-25 23:03:31, 75.6, 63.4, 67.8, 62, 68.0,39.8
2017-07-25 23:06:32, 75.6, 63.6, 67.8, 62, 68.0,39.4
2017-07-25 23:09:34, 75.6, 63.6, 67.8, 62, 68.0,39.9
2017-07-25 23:12:37, 75.6, 63.5, 67.3, 63, 68.0,39.6
2017-07-25 23:15:39, 75.6, 63.3, 67.3, 63, 68.0,39.6
2017-07-25 23:18:43, 75.6, 62.9, 67.3, 63, 68.0,39.6
2017-07-25 23:21:45, 75.6, 62.9, 66.7, 65, 66.0,40.3
2017-07-25 23:24:47, 75.6, 62.9, 66.7, 65, 66.0,39.7
2017-07-25 23:27:50, 75.4, 63.0, 66.7, 65, 66.0,39.9
2017-07-25 23:30:51, 75.6, 63.7, 66.2, 67, 66.0,39.4
2017-07-25 23:33:56, 75.6, 64.8, 66.2, 67, 66.0,40.2
2017-07-25 23:36:59, 75.6, 64.4, 66.2, 67, 66.0,39.9
2017-07-25 23:40:01, 75.6, 64.6, 65.7, 69, 66.0,39.5
2017-07-25 23:43:04, 75.7, 64.6, 65.7, 69, 66.0,40.4
2017-07-25 23:46:06, 75.7, 64.4, 65.7, 69, 66.0,40.2
2017-07-25 23:49:09, 75.7, 64.4, 65.1, 71, 66.0,40.2
2017-07-25 23:52:13, 75.7, 64.4, 65.1, 71, 64.0,40.1
2017-07-25 23:55:15, 75.7, 64.4, 65.1, 71, 64.0,40.5
2017-07-25 23:58:17, 75.7, 64.3, 64.8, 72, 64.0,41.3
2017-07-26 00:01:22, 75.6, 64.5, 64.8, 72, 64.0,40.8
